<?xml version = "1.0" encoding = "utf-8" ?>

<!--********** Copyright 2016 Roku Corp.  All Rights Reserved. **********-->
 
<component name = "RowListContent" extends = "ContentNode" >

  <script type="text/brightscript" uri="pkg:/components/rowlistcontent.brs" />

  <!-- <children >

    <ContentNode title = "Renderable Nodes" >
      <ContentNode 
        HDPosterUrl = "http://www.sdktestinglab.com/Tutorial/images/rectanglepg.jpg" 
        title = "Rectangle Node" />
      <ContentNode 
        HDPosterUrl = "http://www.sdktestinglab.com/Tutorial/images/rectanglerotpg.jpg" 
        title = "Rectangle Node (Rotated)" />
      <ContentNode 
        HDPosterUrl = "http://www.sdktestinglab.com/Tutorial/images/labelpg.jpg" 
        title = "Label Node" />
      <ContentNode 
        HDPosterUrl = "http://www.sdktestinglab.com/Tutorial/images/posterpg.jpg" 
        title = "Poster Node" />
    </ContentNode>

    <ContentNode title = "Z-Order/Parent-Child" >
      <ContentNode 
        HDPosterUrl = "http://www.sdktestinglab.com/Tutorial/images/zorectanglespg.jpg" 
        title = "Z-Order Rendering" />
      <ContentNode 
        HDPosterUrl = "http://www.sdktestinglab.com/Tutorial/images/zorenderablespg.jpg" 
        title = "Z-Order Renderable Nodes"/>
      <ContentNode 
        HDPosterUrl = "http://www.sdktestinglab.com/Tutorial/images/pcrenderablespg.jpg" 
        title = "Parent-Child Grouping"/>
      <ContentNode 
        HDPosterUrl = "http://www.sdktestinglab.com/Tutorial/images/pcrectanglespg.jpg" 
        title = "Parent-Child Inheritance" />
    </ContentNode>

    <ContentNode title = "Animation Nodes" >
      <ContentNode 
        HDPosterUrl = "http://www.sdktestinglab.com/Tutorial/images/animv2dpg.jpg" 
        title = "Vector2DFieldInterpolator" />
      <ContentNode 
        HDPosterUrl = "http://www.sdktestinglab.com/Tutorial/images/animfloatpg.jpg" 
        title = "FloatFieldInterpolator" />
      <ContentNode 
        HDPosterUrl = "http://www.sdktestinglab.com/Tutorial/images/animcolorpg.jpg" 
        title = "ColorFieldInterpolator" />
      <ContentNode 
        HDPosterUrl = "http://www.sdktestinglab.com/Tutorial/images/animsequencepg.jpg" 
        title = "Sequential Animation" />
      <ContentNode 
        HDPosterUrl = "http://www.sdktestinglab.com/Tutorial/images/animparallelpg.jpg" 
        title = "Parallel Animation" />
    </ContentNode>

    <ContentNode title = "Events and Observers" >
      <ContentNode 
        HDPosterUrl = "http://www.sdktestinglab.com/Tutorial/images/eotextchangepg.jpg" 
        title = "Observed Fields" />
      <ContentNode 
        HDPosterUrl = "http://www.sdktestinglab.com/Tutorial/images/keyeventspg.jpg" 
        title = "Key Events" />
    </ContentNode>

  </children> -->

</component>
